"_time","winodpsmdbst03_/data","winodpsmomst02_/data/blockstore","winodpsmomst02_/data/appsdb","winodpsmomst01_/data/blockstore","winodpsmomst01_/data/appsdb","winodpsmomhv02_/data/blockstore","winodpsmomhv02_/data/appsdb","winodpsmomhv01_/data/blockstore","winodpsmomhv01_/data/appsdb","ptrmmdbhv01_/data","winodpsmdbst02_/data","winodpsmdbst01_/data","winodpsmdbhv02_/data","winodpsmdbhv01_/data","ptrmmdbst03_/data","ptrmmdbst02_/data","ptrmmdbst01_/data","ptrmmdbhv02_/data"
"2026-01-01T00:00:00.000+0800",,,,,,,,,,,,,,,,,,
"2026-01-02T00:00:00.000+0800",,,,,,,,,,,,,,,,,,
"2026-01-03T00:00:00.000+0800",,,,,,,,,,,,,,,,,,
"2026-01-04T00:00:00.000+0800",,,,,,,,,,,,,,,,,,
"2026-01-05T00:00:00.000+0800",,,,,,,,,,,,,,,,,,
"2026-01-06T00:00:00.000+0800",,,,,,,,,,,,,,,,,,
"2026-01-07T00:00:00.000+0800",,,,,,,,,,,,,,,,,,
"2026-01-08T00:00:00.000+0800",,,,,,,,,,,,,,,,,,
"2026-01-09T00:00:00.000+0800",,,,,,,,,,,,,,,,,,
"2026-01-10T00:00:00.000+0800",,,,,,,,,,,,,,,,,,
"2026-01-11T00:00:00.000+0800",4,30,45,40,85,26,13,29,44,6,4,4,5,5,7,7,6,7
"2026-01-12T00:00:00.000+0800",4,32,45,41,86,27,13,30,44,6,4,4,5,5,7,7,6,7
"2026-01-13T00:00:00.000+0800",4,29,45,39,86,25,13,27,44,6,4,4,5,5,7,7,6,7
"2026-01-14T00:00:00.000+0800",4,29,45,39,86,25,13,28,44,6,4,4,5,5,7,7,6,7
"2026-01-15T00:00:00.000+0800",4,30,45,40,86,26,13,28,44,7,4,4,5,5,7,7,6,7
"2026-01-16T00:00:00.000+0800",4,31,45,41,86,28,13,30,44,7,4,4,5,5,7,7,6,7
"2026-01-17T00:00:00.000+0800",4,29,45,39,86,25,13,28,44,7,4,4,5,5,7,7,6,7
"2026-01-18T00:00:00.000+0800",4,30,45,40,86,26,13,29,45,7,4,4,5,5,7,7,7,7
"2026-01-19T00:00:00.000+0800",4,30,45,40,86,26,13,29,45,7,4,4,5,5,7,7,7,7
"2026-01-20T00:00:00.000+0800",4,31,45,41,86,27,13,29,45,7,4,4,5,5,7,7,7,7
"2026-01-21T00:00:00.000+0800",4,33,45,43,86,30,13,32,45,7,4,4,5,5,7,7,7,7
"2026-01-22T00:00:00.000+0800",4,30,45,39,86,26,13,28,45,7,4,4,5,5,7,7,7,7
"2026-01-23T00:00:00.000+0800",4,30,45,40,53,26,13,28,45,7,4,4,5,5,7,7,7,7
"2026-01-24T00:00:00.000+0800",4,31,45,40,53,27,13,29,45,7,4,4,5,5,7,7,7,7
"2026-01-25T00:00:00.000+0800",4,31,45,41,53,27,13,30,45,7,4,4,5,5,7,7,7,7
"2026-01-26T00:00:00.000+0800",4,31,45,41,53,28,13,30,45,7,4,4,5,5,7,7,7,7
"2026-01-27T00:00:00.000+0800",4,34,45,44,53,30,13,32,45,7,4,4,5,5,7,7,7,7
"2026-01-28T00:00:00.000+0800",4,30,46,39,53,26,13,27,45,7,4,4,5,5,7,7,7,7
"2026-01-29T00:00:00.000+0800",4,31,46,40,53,26,13,28,45,7,4,4,5,5,7,7,7,7
"2026-01-30T00:00:00.000+0800",4,31,46,40,53,26,13,28,45,7,4,4,5,5,7,7,7,7
"2026-01-31T00:00:00.000+0800",4,33,46,42,53,27,13,30,45,7,4,4,5,5,7,7,7,7
